CIDADE;CASOS CONFIRMADOS;DATA ATUALIZAÇÃO;MORTOS;order_for_place;ESTADO
Adamantina;377;2020-10-01;11;177;SP
Adolfo;115;2020-10-01;4;153;SP
Aguaí;291;2020-10-01;6;160;SP
Águas da Prata;61;2020-10-01;3;154;SP
Águas de Lindóia;164;2020-10-01;5;181;SP
Águas de Santa Bárbara;24;2020-10-01;1;145;SP
Águas de São Pedro;54;2020-10-01;1;173;SP
Agudos;642;2020-10-01;13;181;SP
Alambari;70;2020-10-01;1;167;SP
Alfredo Marcondes;54;2020-10-01;2;134;SP
Altair;46;2020-10-01;2;137;SP
Altinópolis;217;2020-10-01;7;140;SP
Alto Alegre;66;2020-10-01;2;144;SP
Alumínio;245;2020-10-01;6;141;SP
Álvares Florence;60;2020-10-01;3;124;SP
Álvares Machado;227;2020-10-01;7;155;SP
Álvaro de Carvalho;17;2020-10-01;4;145;SP
Alvinlândia;25;2020-10-01;0;120;SP
Americana;5147;2020-10-01;156;183;SP
Américo Brasiliense;599;2020-10-01;11;172;SP
Américo de Campos;301;2020-10-01;9;146;SP
Amparo;1091;2020-10-01;24;172;SP
Analândia;36;2020-10-01;2;112;SP
Andradina;1134;2020-10-01;28;168;SP
Angatuba;290;2020-10-01;9;165;SP
Anhembi;21;2020-10-01;0;153;SP
Anhumas;70;2020-10-01;0;137;SP
Aparecida;371;2020-10-01;10;165;SP
Aparecida d'Oeste;128;2020-10-01;2;111;SP
Apiaí;145;2020-10-01;5;168;SP
Araçariguama;362;2020-10-01;8;172;SP
Araçatuba;6305;2020-10-01;145;183;SP
Araçoiaba da Serra;607;2020-10-01;11;173;SP
Aramina;107;2020-10-01;5;111;SP
Arandu;41;2020-10-01;3;166;SP
Arapeí;6;2020-10-01;1;113;SP
Araraquara;4544;2020-10-01;47;181;SP
Araras;3628;2020-10-01;68;176;SP
Arco-Íris;10;2020-10-01;0;48;SP
Arealva;112;2020-10-01;1;157;SP
Areias;54;2020-10-01;0;98;SP
Areiópolis;111;2020-10-01;3;160;SP
Ariranha;145;2020-10-01;6;133;SP
Artur Nogueira;964;2020-10-01;21;174;SP
Arujá;1915;2020-10-01;80;186;SP
Aspásia;41;2020-10-01;0;120;SP
Assis;1269;2020-10-01;23;181;SP
Atibaia;1887;2020-10-01;59;180;SP
Auriflama;344;2020-10-01;10;156;SP
Avaí;86;2020-10-01;1;165;SP
Avanhandava;198;2020-10-01;4;145;SP
Avaré;666;2020-10-01;17;175;SP
Bady Bassitt;789;2020-10-01;20;175;SP
Balbinos;96;2020-10-01;3;103;SP
Bálsamo;495;2020-10-01;20;134;SP
Bananal;140;2020-10-01;1;146;SP
Barão de Antonina;20;2020-10-01;0;133;SP
Barbosa;110;2020-10-01;1;143;SP
Bariri;767;2020-10-01;15;169;SP
Barra Bonita;820;2020-10-01;21;159;SP
Barra do Chapéu;47;2020-10-01;0;103;SP
Barra do Turvo;118;2020-10-01;4;174;SP
Barretos;4366;2020-10-01;126;176;SP
Barrinha;715;2020-10-01;28;160;SP
Barueri;6514;2020-10-01;370;190;SP
Bastos;70;2020-10-01;2;132;SP
Batatais;656;2020-10-01;20;175;SP
Bauru;10765;2020-10-01;197;183;SP
Bebedouro;1148;2020-10-01;26;176;SP
Bento de Abreu;39;2020-10-01;0;116;SP
Bernardino de Campos;102;2020-10-01;3;147;SP
Bertioga;1806;2020-10-01;42;148;SP
Bilac;90;2020-10-01;2;168;SP
Birigui;2133;2020-10-01;68;177;SP
Biritiba-Mirim;402;2020-10-01;28;160;SP
Boa Esperança do Sul;177;2020-10-01;6;133;SP
Bocaina;133;2020-10-01;3;155;SP
Bofete;146;2020-10-01;3;130;SP
Boituva;994;2020-10-01;17;177;SP
Bom Jesus dos Perdões;328;2020-10-01;3;158;SP
Bom Sucesso de Itararé;7;2020-10-01;0;78;SP
Borá;3;2020-10-01;0;119;SP
Boracéia;88;2020-10-01;1;137;SP
Borborema;213;2020-10-01;6;159;SP
Borebi;45;2020-10-01;1;158;SP
Botucatu;2359;2020-10-01;44;179;SP
Bragança Paulista;3097;2020-10-01;72;176;SP
Braúna;94;2020-10-01;7;115;SP
Brejo Alegre;62;2020-10-01;4;147;SP
Brodowski;507;2020-10-01;18;184;SP
Brotas;129;2020-10-01;2;140;SP
Buri;274;2020-10-01;6;138;SP
Buritama;294;2020-10-01;12;168;SP
Buritizal;56;2020-10-01;3;123;SP
Cabrália Paulista;96;2020-10-01;0;113;SP
Cabreúva;1163;2020-10-01;39;161;SP
Caçapava;1458;2020-10-01;50;175;SP
Cachoeira Paulista;345;2020-10-01;13;183;SP
Caconde;109;2020-10-01;1;155;SP
Cafelândia;279;2020-10-01;4;109;SP
Caiabu;37;2020-10-01;2;172;SP
Caieiras;2151;2020-10-01;98;187;SP
Caiuá;58;2020-10-01;1;118;SP
Cajamar;1550;2020-10-01;77;184;SP
Cajati;1535;2020-10-01;26;160;SP
Cajobi;208;2020-10-01;6;153;SP
Cajuru;468;2020-10-01;10;169;SP
Campina do Monte Alegre;79;2020-10-01;0;138;SP
Campinas;31452;2020-10-01;1242;190;SP
Campo Limpo Paulista;1243;2020-10-01;67;167;SP
Campos do Jordão;741;2020-10-01;28;170;SP
Campos Novos Paulista;100;2020-10-01;1;124;SP
Cananéia;189;2020-10-01;7;165;SP
Canas;49;2020-10-01;2;146;SP
Cândido Mota;310;2020-10-01;4;148;SP
Cândido Rodrigues;38;2020-10-01;0;131;SP
Canitar;43;2020-10-01;1;89;SP
Capão Bonito;663;2020-10-01;18;168;SP
Capela do Alto;263;2020-10-01;2;162;SP
Capivari;1215;2020-10-01;32;134;SP
Caraguatatuba;2278;2020-10-01;96;177;SP
Carapicuíba;7635;2020-10-01;348;192;SP
Cardoso;147;2020-10-01;6;131;SP
Casa Branca;444;2020-10-01;6;140;SP
Cássia dos Coqueiros;60;2020-10-01;0;123;SP
Castilho;416;2020-10-01;4;167;SP
Catanduva;4197;2020-10-01;133;176;SP
Catiguá;251;2020-10-01;7;142;SP
Cedral;206;2020-10-01;7;179;SP
Cerqueira César;160;2020-10-01;6;147;SP
Cerquilho;645;2020-10-01;13;139;SP
Cesário Lange;170;2020-10-01;5;135;SP
Charqueada;337;2020-10-01;8;153;SP
Chavantes;99;2020-10-01;2;162;SP
Clementina;114;2020-10-01;1;98;SP
Colina;267;2020-10-01;10;155;SP
Colômbia;98;2020-10-01;2;110;SP
Conchal;392;2020-10-01;12;152;SP
Conchas;274;2020-10-01;7;169;SP
Cordeirópolis;1586;2020-10-01;21;159;SP
Coroados;117;2020-10-01;2;152;SP
Coronel Macedo;17;2020-10-01;2;124;SP
Corumbataí;110;2020-10-01;2;116;SP
Cosmópolis;1557;2020-10-01;37;155;SP
Cosmorama;281;2020-10-01;16;155;SP
Cotia;4101;2020-10-01;191;190;SP
Cravinhos;367;2020-10-01;32;180;SP
Cristais Paulista;45;2020-10-01;0;111;SP
Cruzália;21;2020-10-01;0;65;SP
Cruzeiro;755;2020-10-01;31;168;SP
Cubatão;6162;2020-10-01;183;173;SP
Cunha;157;2020-10-01;2;147;SP
Descalvado;468;2020-10-01;6;136;SP
Diadema;8312;2020-10-01;359;185;SP
Dirce Reis;17;2020-10-01;0;112;SP
Divinolândia;126;2020-10-01;4;145;SP
Dobrada;104;2020-10-01;1;159;SP
Dois Córregos;290;2020-10-01;4;147;SP
Dolcinópolis;75;2020-10-01;4;130;SP
Dourado;95;2020-10-01;1;137;SP
Dracena;898;2020-10-01;24;181;SP
Duartina;247;2020-10-01;3;167;SP
Dumont;431;2020-10-01;3;147;SP
Echaporã;20;2020-10-01;1;119;SP
Eldorado;315;2020-10-01;6;174;SP
Elias Fausto;588;2020-10-01;14;163;SP
Elisiário;118;2020-10-01;3;140;SP
Embaúba;50;2020-10-01;1;120;SP
Embu das Artes;3500;2020-10-01;171;187;SP
Embu-Guaçu;1195;2020-10-01;37;177;SP
Emilianópolis;51;2020-10-01;2;141;SP
Engenheiro Coelho;797;2020-10-01;16;159;SP
Espírito Santo do Pinhal;814;2020-10-01;19;160;SP
Espírito Santo do Turvo;52;2020-10-01;0;106;SP
Estiva Gerbi;158;2020-10-01;5;172;SP
Estrela d'Oeste;468;2020-10-01;10;159;SP
Estrela do Norte;42;2020-10-01;0;106;SP
Euclides da Cunha Paulista;46;2020-10-01;3;130;SP
Fartura;97;2020-10-01;1;167;SP
Fernandópolis;2381;2020-10-01;38;168;SP
Fernando Prestes;137;2020-10-01;3;141;SP
Fernão;10;2020-10-01;0;132;SP
Ferraz de Vasconcelos;3478;2020-10-01;119;194;SP
Flora Rica;18;2020-10-01;1;99;SP
Floreal;36;2020-10-01;1;125;SP
Flórida Paulista;55;2020-10-01;1;145;SP
Florínia;15;2020-10-01;1;54;SP
Franca;4767;2020-10-01;143;181;SP
Francisco Morato;2798;2020-10-01;131;181;SP
Franco da Rocha;2271;2020-10-01;108;183;SP
Gabriel Monteiro;25;2020-10-01;4;120;SP
Gália;56;2020-10-01;3;145;SP
Garça;672;2020-10-01;17;170;SP
Gastão Vidigal;79;2020-10-01;12;146;SP
Gavião Peixoto;203;2020-10-01;1;131;SP
General Salgado;195;2020-10-01;2;141;SP
Getulina;224;2020-10-01;1;145;SP
Glicério;50;2020-10-01;2;109;SP
Guaiçara;508;2020-10-01;4;144;SP
Guaimbê;55;2020-10-01;2;139;SP
Guaíra;1315;2020-10-01;29;159;SP
Guapiaçu;894;2020-10-01;27;147;SP
Guapiara;132;2020-10-01;11;141;SP
Guará;483;2020-10-01;15;155;SP
Guaraçaí;61;2020-10-01;1;148;SP
Guaraci;231;2020-10-01;1;139;SP
Guarani d'Oeste;46;2020-10-01;0;138;SP
Guarantã;112;2020-10-01;2;125;SP
Guararapes;486;2020-10-01;5;179;SP
Guararema;467;2020-10-01;25;175;SP
Guaratinguetá;1426;2020-10-01;50;174;SP
Guareí;1548;2020-10-01;3;146;SP
Guariba;1104;2020-10-01;32;154;SP
Guarujá;8597;2020-10-01;352;183;SP
Guarulhos;19970;2020-10-01;1451;191;SP
Guatapará;123;2020-10-01;2;118;SP
Guzolândia;38;2020-10-01;2;163;SP
Herculândia;66;2020-10-01;3;141;SP
Holambra;358;2020-10-01;3;158;SP
Hortolândia;6281;2020-10-01;140;188;SP
Iacanga;262;2020-10-01;4;147;SP
Iacri;26;2020-10-01;0;130;SP
Iaras;53;2020-10-01;2;104;SP
Ibaté;339;2020-10-01;4;152;SP
Ibirá;335;2020-10-01;6;172;SP
Ibirarema;125;2020-10-01;3;148;SP
Ibitinga;1462;2020-10-01;38;153;SP
Ibiúna;424;2020-10-01;23;176;SP
Icém;121;2020-10-01;3;108;SP
Iepê;61;2020-10-01;3;164;SP
Igaraçu do Tietê;392;2020-10-01;11;156;SP
Igarapava;524;2020-10-01;5;168;SP
Igaratá;700;2020-10-01;8;170;SP
Iguape;539;2020-10-01;12;165;SP
Ilhabela;1576;2020-10-01;13;174;SP
Ilha Comprida;138;2020-10-01;5;177;SP
Ilha Solteira;282;2020-10-01;10;166;SP
Importados/Indefinidos;178;2020-10-01;0;194;SP
Indaiatuba;3159;2020-10-01;157;182;SP
Indiana;129;2020-10-01;2;144;SP
Indiaporã;35;2020-10-01;0;125;SP
Inúbia Paulista;22;2020-10-01;1;144;SP
Ipaussu;263;2020-10-01;2;112;SP
Iperó;236;2020-10-01;4;149;SP
Ipeúna;120;2020-10-01;1;134;SP
Ipiguá;204;2020-10-01;8;144;SP
Iporanga;67;2020-10-01;1;91;SP
Ipuã;549;2020-10-01;17;146;SP
Iracemápolis;1098;2020-10-01;14;187;SP
Irapuã;124;2020-10-01;1;128;SP
Irapuru;56;2020-10-01;1;147;SP
Itaberá;167;2020-10-01;3;139;SP
Itaí;93;2020-10-01;1;152;SP
Itajobi;432;2020-10-01;9;158;SP
Itaju;160;2020-10-01;0;111;SP
Itanhaém;1245;2020-10-01;69;182;SP
Itaóca;29;2020-10-01;0;137;SP
Itapecerica da Serra;2474;2020-10-01;165;183;SP
Itapetininga;1654;2020-10-01;51;178;SP
Itapeva;721;2020-10-01;10;174;SP
Itapevi;3194;2020-10-01;234;184;SP
Itapira;1690;2020-10-01;37;179;SP
Itapirapuã Paulista;68;2020-10-01;1;99;SP
Itápolis;453;2020-10-01;12;139;SP
Itaporanga;220;2020-10-01;6;131;SP
Itapuí;329;2020-10-01;4;147;SP
Itapura;59;2020-10-01;1;147;SP
Itaquaquecetuba;4074;2020-10-01;279;183;SP
Itararé;494;2020-10-01;16;181;SP
Itariri;224;2020-10-01;5;160;SP
Itatiba;1683;2020-10-01;31;176;SP
Itatinga;302;2020-10-01;7;174;SP
Itirapina;214;2020-10-01;6;159;SP
Itirapuã;30;2020-10-01;1;134;SP
Itobi;375;2020-10-01;3;147;SP
Itu;2938;2020-10-01;96;181;SP
Itupeva;1735;2020-10-01;33;184;SP
Ituverava;400;2020-10-01;14;156;SP
Jaborandi;130;2020-10-01;2;161;SP
Jaboticabal;657;2020-10-01;44;180;SP
Jacareí;3341;2020-10-01;129;175;SP
Jaci;329;2020-10-01;4;174;SP
Jacupiranga;425;2020-10-01;16;152;SP
Jaguariúna;1023;2020-10-01;25;190;SP
Jales;1655;2020-10-01;38;175;SP
Jambeiro;83;2020-10-01;5;147;SP
Jandira;1565;2020-10-01;92;184;SP
Jardinópolis;653;2020-10-01;45;171;SP
Jarinu;403;2020-10-01;22;159;SP
Jaú;2465;2020-10-01;56;181;SP
Jeriquara;55;2020-10-01;0;78;SP
Joanópolis;114;2020-10-01;2;175;SP
João Ramalho;62;2020-10-01;3;118;SP
José Bonifácio;1165;2020-10-01;18;179;SP
Júlio Mesquita;34;2020-10-01;2;117;SP
Jumirim;83;2020-10-01;1;103;SP
Jundiaí;12593;2020-10-01;405;187;SP
Junqueirópolis;154;2020-10-01;4;165;SP
Juquiá;385;2020-10-01;10;159;SP
Juquitiba;667;2020-10-01;13;166;SP
Lagoinha;60;2020-10-01;0;67;SP
Laranjal Paulista;851;2020-10-01;6;175;SP
Lavínia;131;2020-10-01;1;145;SP
Lavrinhas;61;2020-10-01;1;159;SP
Leme;2552;2020-10-01;62;169;SP
Lençóis Paulista;2639;2020-10-01;47;183;SP
Limeira;7971;2020-10-01;248;182;SP
Lindóia;90;2020-10-01;3;155;SP
Lins;2413;2020-10-01;36;169;SP
Lorena;967;2020-10-01;29;168;SP
Lourdes;56;2020-10-01;1;109;SP
Louveira;856;2020-10-01;25;186;SP
Lucélia;98;2020-10-01;5;160;SP
Lucianópolis;15;2020-10-01;0;94;SP
Luís Antônio;244;2020-10-01;9;141;SP
Luiziânia;83;2020-10-01;2;116;SP
Lupércio;29;2020-10-01;0;106;SP
Lutécia;8;2020-10-01;0;124;SP
Macatuba;762;2020-10-01;8;170;SP
Macaubal;81;2020-10-01;4;132;SP
Macedônia;91;2020-10-01;3;168;SP
Magda;45;2020-10-01;2;138;SP
Mairinque;477;2020-10-01;19;169;SP
Mairiporã;1434;2020-10-01;57;186;SP
Manduri;57;2020-10-01;0;134;SP
Marabá Paulista;46;2020-10-01;1;97;SP
Maracaí;157;2020-10-01;1;103;SP
Marapoama;73;2020-10-01;2;147;SP
Mariápolis;25;2020-10-01;0;124;SP
Marília;2891;2020-10-01;50;180;SP
Marinópolis;52;2020-10-01;0;115;SP
Martinópolis;251;2020-10-01;13;159;SP
Matão;728;2020-10-01;17;183;SP
Mauá;6874;2020-10-01;353;192;SP
Mendonça;170;2020-10-01;10;138;SP
Meridiano;125;2020-10-01;3;145;SP
Mesópolis;31;2020-10-01;1;95;SP
Miguelópolis;446;2020-10-01;4;163;SP
Mineiros do Tietê;243;2020-10-01;5;166;SP
Miracatu;295;2020-10-01;15;160;SP
Mira Estrela;41;2020-10-01;1;103;SP
Mirandópolis;381;2020-10-01;9;163;SP
Mirante do Paranapanema;119;2020-10-01;2;127;SP
Mirassol;1772;2020-10-01;41;177;SP
Mirassolândia;156;2020-10-01;2;115;SP
Mococa;1086;2020-10-01;19;175;SP
Mogi das Cruzes;7682;2020-10-01;384;188;SP
Mogi Guaçu;2501;2020-10-01;68;183;SP
Mogi Mirim;1579;2020-10-01;44;168;SP
Mombuca;46;2020-10-01;1;103;SP
Monções;54;2020-10-01;2;136;SP
Mongaguá;615;2020-10-01;19;169;SP
Monte Alegre do Sul;61;2020-10-01;0;117;SP
Monte Alto;921;2020-10-01;25;176;SP
Monte Aprazível;668;2020-10-01;14;146;SP
Monte Azul Paulista;181;2020-10-01;2;158;SP
Monte Castelo;98;2020-10-01;3;103;SP
Monteiro Lobato;68;2020-10-01;1;137;SP
Monte Mor;1440;2020-10-01;27;168;SP
Morro Agudo;1124;2020-10-01;23;168;SP
Morungaba;113;2020-10-01;3;168;SP
Motuca;52;2020-10-01;3;128;SP
Murutinga do Sul;40;2020-10-01;1;138;SP
Nantes;12;2020-10-01;0;89;SP
Narandiba;82;2020-10-01;3;98;SP
Natividade da Serra;31;2020-10-01;1;118;SP
Nazaré Paulista;271;2020-10-01;4;162;SP
Neves Paulista;244;2020-10-01;5;147;SP
Nhandeara;182;2020-10-01;3;169;SP
Nipoã;111;2020-10-01;2;148;SP
Nova Aliança;225;2020-10-01;3;144;SP
Nova Campina;42;2020-10-01;1;144;SP
Nova Canaã Paulista;58;2020-10-01;2;73;SP
Nova Castilho;21;2020-10-01;2;116;SP
Nova Europa;235;2020-10-01;1;144;SP
Nova Granada;732;2020-10-01;12;149;SP
Nova Guataporanga;22;2020-10-01;0;153;SP
Nova Independência;87;2020-10-01;1;78;SP
Novais;100;2020-10-01;6;126;SP
Nova Luzitânia;90;2020-10-01;2;120;SP
Nova Odessa;1052;2020-10-01;45;183;SP
Novo Horizonte;942;2020-10-01;14;155;SP
Nuporanga;59;2020-10-01;1;138;SP
Ocauçu;29;2020-10-01;0;116;SP
Óleo;5;2020-10-01;0;103;SP
Olímpia;2324;2020-10-01;53;175;SP
Onda Verde;185;2020-10-01;2;132;SP
Oriente;81;2020-10-01;3;131;SP
Orindiúva;250;2020-10-01;4;90;SP
Orlândia;886;2020-10-01;35;179;SP
Osasco;13505;2020-10-01;793;189;SP
Oscar Bressane;20;2020-10-01;0;92;SP
Osvaldo Cruz;248;2020-10-01;8;151;SP
Ourinhos;1905;2020-10-01;29;173;SP
Ouroeste;268;2020-10-01;4;138;SP
Ouro Verde;57;2020-10-01;0;89;SP
Pacaembu;127;2020-10-01;5;145;SP
Palestina;137;2020-10-01;5;134;SP
Palmares Paulista;360;2020-10-01;12;135;SP
Palmeira d'Oeste;184;2020-10-01;5;132;SP
Palmital;358;2020-10-01;3;160;SP
Panorama;96;2020-10-01;6;138;SP
Paraguaçu Paulista;373;2020-10-01;9;124;SP
Paraibuna;174;2020-10-01;10;154;SP
Paraíso;156;2020-10-01;4;122;SP
Paranapanema;165;2020-10-01;2;154;SP
Paranapuã;82;2020-10-01;4;120;SP
Parapuã;68;2020-10-01;3;131;SP
Pardinho;158;2020-10-01;1;133;SP
Pariquera-Açu;669;2020-10-01;11;179;SP
Parisi;98;2020-10-01;2;155;SP
Patrocínio Paulista;155;2020-10-01;3;147;SP
Paulicéia;46;2020-10-01;1;111;SP
Paulínia;5128;2020-10-01;78;184;SP
Paulistânia;8;2020-10-01;0;166;SP
Paulo de Faria;166;2020-10-01;2;125;SP
Pederneiras;648;2020-10-01;15;168;SP
Pedra Bela;93;2020-10-01;0;173;SP
Pedranópolis;35;2020-10-01;1;103;SP
Pedregulho;84;2020-10-01;2;99;SP
Pedreira;542;2020-10-01;7;144;SP
Pedrinhas Paulista;24;2020-10-01;1;152;SP
Pedro de Toledo;57;2020-10-01;4;158;SP
Penápolis;839;2020-10-01;22;184;SP
Pereira Barreto;269;2020-10-01;6;147;SP
Pereiras;186;2020-10-01;1;126;SP
Peruíbe;956;2020-10-01;34;176;SP
Piacatu;78;2020-10-01;0;82;SP
Piedade;742;2020-10-01;29;165;SP
Pilar do Sul;248;2020-10-01;4;169;SP
Pindamonhangaba;2229;2020-10-01;42;176;SP
Pindorama;445;2020-10-01;12;175;SP
Pinhalzinho;139;2020-10-01;1;158;SP
Piquerobi;40;2020-10-01;0;155;SP
Piquete;157;2020-10-01;3;134;SP
Piracaia;414;2020-10-01;5;167;SP
Piracicaba;13211;2020-10-01;343;184;SP
Piraju;248;2020-10-01;7;164;SP
Pirajuí;360;2020-10-01;9;183;SP
Pirangi;363;2020-10-01;14;138;SP
Pirapora do Bom Jesus;581;2020-10-01;6;158;SP
Pirapozinho;809;2020-10-01;21;147;SP
Pirassununga;1571;2020-10-01;28;160;SP
Piratininga;282;2020-10-01;10;168;SP
Pitangueiras;945;2020-10-01;21;160;SP
Planalto;193;2020-10-01;2;138;SP
Platina;54;2020-10-01;0;99;SP
Poá;1839;2020-10-01;104;187;SP
Poloni;77;2020-10-01;3;143;SP
Pompéia;150;2020-10-01;3;127;SP
Pongaí;100;2020-10-01;3;85;SP
Pontal;1474;2020-10-01;50;169;SP
Pontalinda;63;2020-10-01;3;131;SP
Pontes Gestal;121;2020-10-01;3;133;SP
Populina;58;2020-10-01;3;165;SP
Porangaba;34;2020-10-01;0;146;SP
Porto Feliz;1139;2020-10-01;13;181;SP
Porto Ferreira;1237;2020-10-01;30;173;SP
Potim;269;2020-10-01;4;139;SP
Potirendaba;544;2020-10-01;12;140;SP
Pracinha;4;2020-10-01;0;151;SP
Pradópolis;723;2020-10-01;20;156;SP
Praia Grande;7712;2020-10-01;234;182;SP
Pratânia;56;2020-10-01;1;168;SP
Presidente Alves;73;2020-10-01;1;158;SP
Presidente Bernardes;245;2020-10-01;7;144;SP
Presidente Epitácio;560;2020-10-01;15;154;SP
Presidente Prudente;4430;2020-10-01;129;175;SP
Presidente Venceslau;434;2020-10-01;15;177;SP
Promissão;1616;2020-10-01;7;180;SP
Quadra;13;2020-10-01;0;133;SP
Quatá;155;2020-10-01;4;162;SP
Queiroz;25;2020-10-01;2;117;SP
Queluz;293;2020-10-01;3;100;SP
Quintana;60;2020-10-01;1;163;SP
Rafard;169;2020-10-01;2;117;SP
Rancharia;851;2020-10-01;12;166;SP
Redenção da Serra;21;2020-10-01;0;117;SP
Regente Feijó;129;2020-10-01;4;155;SP
Reginópolis;36;2020-10-01;1;147;SP
Registro;1506;2020-10-01;38;166;SP
Restinga;55;2020-10-01;0;96;SP
Ribeira;33;2020-10-01;0;111;SP
Ribeirão Bonito;203;2020-10-01;2;130;SP
Ribeirão Branco;242;2020-10-01;6;155;SP
Ribeirão Corrente;64;2020-10-01;1;42;SP
Ribeirão dos Índios;25;2020-10-01;3;140;SP
Ribeirão do Sul;32;2020-10-01;1;117;SP
Ribeirão Grande;91;2020-10-01;2;140;SP
Ribeirão Pires;1466;2020-10-01;65;187;SP
Ribeirão Preto;22390;2020-10-01;748;186;SP
Rifaina;51;2020-10-01;2;103;SP
Rincão;106;2020-10-01;4;169;SP
Rinópolis;71;2020-10-01;0;168;SP
Rio Claro;4031;2020-10-01;137;187;SP
Rio das Pedras;713;2020-10-01;37;154;SP
Rio Grande da Serra;677;2020-10-01;26;176;SP
Riolândia;322;2020-10-01;2;134;SP
Riversul;19;2020-10-01;2;98;SP
Rosana;157;2020-10-01;4;134;SP
Roseira;204;2020-10-01;2;139;SP
Rubiácea;35;2020-10-01;0;140;SP
Rubinéia;66;2020-10-01;2;87;SP
Sabino;44;2020-10-01;6;113;SP
Sagres;6;2020-10-01;0;137;SP
Sales;72;2020-10-01;2;134;SP
Sales Oliveira;427;2020-10-01;4;134;SP
Salesópolis;206;2020-10-01;11;160;SP
Salmourão;11;2020-10-01;0;102;SP
Saltinho;116;2020-10-01;2;154;SP
Salto;2846;2020-10-01;61;176;SP
Salto de Pirapora;954;2020-10-01;22;183;SP
Salto Grande;63;2020-10-01;1;153;SP
Sandovalina;48;2020-10-01;1;92;SP
Santa Adélia;335;2020-10-01;4;135;SP
Santa Albertina;161;2020-10-01;1;102;SP
Santa Bárbara d'Oeste;5501;2020-10-01;169;173;SP
Santa Branca;192;2020-10-01;5;179;SP
Santa Clara d'Oeste;49;2020-10-01;3;140;SP
Santa Cruz da Conceição;136;2020-10-01;0;158;SP
Santa Cruz da Esperança;17;2020-10-01;1;146;SP
Santa Cruz das Palmeiras;1430;2020-10-01;20;148;SP
Santa Cruz do Rio Pardo;741;2020-10-01;7;177;SP
Santa Ernestina;141;2020-10-01;2;111;SP
Santa Fé do Sul;928;2020-10-01;32;156;SP
Santa Gertrudes;947;2020-10-01;15;167;SP
Santa Isabel;1243;2020-10-01;67;183;SP
Santa Lúcia;66;2020-10-01;2;172;SP
Santa Maria da Serra;118;2020-10-01;1;153;SP
Santa Mercedes;8;2020-10-01;1;80;SP
Santana da Ponte Pensa;13;2020-10-01;0;126;SP
Santana de Parnaíba;3205;2020-10-01;101;199;SP
Santa Rita d'Oeste;29;2020-10-01;1;82;SP
Santa Rita do Passa Quatro;308;2020-10-01;10;160;SP
Santa Rosa de Viterbo;229;2020-10-01;2;129;SP
Santa Salete;52;2020-10-01;1;132;SP
Santo Anastácio;230;2020-10-01;9;147;SP
Santo André;17357;2020-10-01;602;192;SP
Santo Antônio da Alegria;79;2020-10-01;3;166;SP
Santo Antônio de Posse;629;2020-10-01;5;155;SP
Santo Antônio do Aracanguá;158;2020-10-01;6;158;SP
Santo Antônio do Jardim;73;2020-10-01;2;145;SP
Santo Antônio do Pinhal;69;2020-10-01;3;158;SP
Santo Expedito;15;2020-10-01;0;141;SP
Santópolis do Aguapeí;71;2020-10-01;1;133;SP
Santos;21374;2020-10-01;635;184;SP
São Bento do Sapucaí;52;2020-10-01;0;138;SP
São Bernardo do Campo;24799;2020-10-01;916;192;SP
São Caetano do Sul;4577;2020-10-01;203;192;SP
São Carlos;2875;2020-10-01;43;177;SP
São Francisco;64;2020-10-01;4;118;SP
São João da Boa Vista;682;2020-10-01;20;174;SP
São João das Duas Pontes;72;2020-10-01;3;140;SP
São João de Iracema;43;2020-10-01;2;116;SP
São João do Pau d'Alho;3;2020-10-01;0;139;SP
São Joaquim da Barra;1063;2020-10-01;25;167;SP
São José da Bela Vista;48;2020-10-01;4;126;SP
São José do Barreiro;20;2020-10-01;2;60;SP
São José do Rio Pardo;573;2020-10-01;22;183;SP
São José do Rio Preto;22448;2020-10-01;608;190;SP
São José dos Campos;17588;2020-10-01;435;189;SP
São Lourenço da Serra;205;2020-10-01;6;162;SP
São Luiz do Paraitinga;17;2020-10-01;5;146;SP
São Manuel;331;2020-10-01;10;179;SP
São Miguel Arcanjo;269;2020-10-01;9;173;SP
São Paulo;293210;2020-10-01;12797;209;SP
São Pedro;567;2020-10-01;10;182;SP
São Pedro do Turvo;150;2020-10-01;0;151;SP
São Roque;763;2020-10-01;25;176;SP
São Sebastião;1550;2020-10-01;39;187;SP
São Sebastião da Grama;192;2020-10-01;4;160;SP
São Simão;187;2020-10-01;4;131;SP
São Vicente;6786;2020-10-01;416;183;SP
Sarapuí;18;2020-10-01;1;154;SP
Sarutaiá;59;2020-10-01;2;147;SP
Sebastianópolis do Sul;59;2020-10-01;0;114;SP
Serra Azul;188;2020-10-01;4;145;SP
Serrana;1017;2020-10-01;45;165;SP
Serra Negra;190;2020-10-01;1;159;SP
Sertãozinho;4311;2020-10-01;110;175;SP
Sete Barras;391;2020-10-01;8;148;SP
Severínia;692;2020-10-01;16;140;SP
Silveiras;39;2020-10-01;0;142;SP
Socorro;484;2020-10-01;9;158;SP
Sorocaba;15687;2020-10-01;397;185;SP
Sud Mennucci;170;2020-10-01;0;148;SP
Sumaré;6182;2020-10-01;188;176;SP
Suzanápolis;53;2020-10-01;0;98;SP
Suzano;4831;2020-10-01;235;189;SP
Tabapuã;394;2020-10-01;14;141;SP
Tabatinga;341;2020-10-01;8;147;SP
Taboão da Serra;6791;2020-10-01;283;187;SP
Taciba;88;2020-10-01;2;102;SP
Taguaí;179;2020-10-01;1;145;SP
Taiaçu;192;2020-10-01;1;167;SP
Taiúva;278;2020-10-01;3;133;SP
Tambaú;392;2020-10-01;9;140;SP
Tanabi;1202;2020-10-01;24;175;SP
Tapiraí;159;2020-10-01;3;146;SP
Tapiratiba;187;2020-10-01;1;147;SP
Taquaral;95;2020-10-01;2;119;SP
Taquaritinga;794;2020-10-01;22;164;SP
Taquarituba;189;2020-10-01;3;165;SP
Taquarivaí;46;2020-10-01;0;145;SP
Tarabai;165;2020-10-01;5;165;SP
Tarumã;193;2020-10-01;5;152;SP
Tatuí;2395;2020-10-01;63;186;SP
Taubaté;4583;2020-10-01;134;189;SP
Tejupá;19;2020-10-01;0;135;SP
Teodoro Sampaio;259;2020-10-01;6;145;SP
Terra Roxa;285;2020-10-01;5;178;SP
Tietê;619;2020-10-01;18;152;SP
Timburi;16;2020-10-01;1;153;SP
Torre de Pedra;18;2020-10-01;2;147;SP
Torrinha;155;2020-10-01;5;147;SP
Trabiju;22;2020-10-01;0;136;SP
Tremembé;320;2020-10-01;3;140;SP
Três Fronteiras;230;2020-10-01;9;133;SP
Tuiuti;64;2020-10-01;0;158;SP
Tupã;772;2020-10-01;35;173;SP
Tupi Paulista;190;2020-10-01;1;155;SP
Turiúba;28;2020-10-01;1;105;SP
Turmalina;25;2020-10-01;0;119;SP
Ubarana;257;2020-10-01;4;111;SP
Ubatuba;1352;2020-10-01;35;170;SP
Ubirajara;66;2020-10-01;1;145;SP
Uchoa;316;2020-10-01;9;148;SP
União Paulista;65;2020-10-01;2;146;SP
Urânia;307;2020-10-01;12;129;SP
Uru;60;2020-10-01;2;147;SP
Urupês;221;2020-10-01;8;139;SP
Valentim Gentil;675;2020-10-01;9;137;SP
Valinhos;2795;2020-10-01;92;187;SP
Valparaíso;589;2020-10-01;17;144;SP
Vargem;72;2020-10-01;1;154;SP
Vargem Grande do Sul;654;2020-10-01;7;152;SP
Vargem Grande Paulista;602;2020-10-01;26;188;SP
Várzea Paulista;1695;2020-10-01;70;169;SP
Vera Cruz;87;2020-10-01;3;106;SP
Vinhedo;1833;2020-10-01;35;183;SP
Viradouro;369;2020-10-01;9;145;SP
Vista Alegre do Alto;188;2020-10-01;3;162;SP
Vitória Brasil;23;2020-10-01;0;101;SP
Votorantim;2328;2020-10-01;78;183;SP
Votuporanga;4473;2020-10-01;87;183;SP
Zacarias;101;2020-10-01;1;132;SP
Acrelândia;471;2020-09-30;9;177;AC
Assis Brasil;628;2020-09-30;9;144;AC
Brasiléia;1154;2020-09-30;19;136;AC
Bujari;377;2020-09-30;7;167;AC
Capixaba;255;2020-09-30;8;137;AC
Cruzeiro do Sul;3494;2020-09-30;60;162;AC
Epitaciolândia;511;2020-09-30;14;138;AC
Feijó;1263;2020-09-30;20;143;AC
Jordão;208;2020-09-30;1;127;AC
Mâncio Lima;977;2020-09-30;12;146;AC
Manoel Urbano;303;2020-09-30;2;132;AC
Marechal Thaumaturgo;557;2020-09-30;1;133;AC
Plácido de Castro;413;2020-09-30;8;169;AC
Porto Acre;512;2020-09-30;15;177;AC
Porto Walter;315;2020-09-30;2;132;AC
Rio Branco;10606;2020-09-30;410;189;AC
Rodrigues Alves;157;2020-09-30;7;133;AC
Santa Rosa do Purus;344;2020-09-30;2;137;AC
Senador Guiomard;526;2020-09-30;13;156;AC
Sena Madureira;1584;2020-09-30;13;141;AC
Tarauacá;2361;2020-09-30;14;143;AC
Xapuri;1206;2020-09-30;13;146;AC
Alvarães;1226;2020-09-30;14;150;AM
Amaturá;710;2020-09-30;10;160;AM
Anamã;770;2020-09-30;1;170;AM
Anori;780;2020-09-30;11;186;AM
Apuí;213;2020-09-30;1;146;AM
Atalaia do Norte;1008;2020-09-30;4;154;AM
Autazes;1309;2020-09-30;36;164;AM
Barcelos;2656;2020-09-30;25;162;AM
Barreirinha;1004;2020-09-30;13;152;AM
Benjamin Constant;1607;2020-09-30;40;162;AM
Beruri;842;2020-09-30;12;163;AM
Boa Vista do Ramos;366;2020-09-30;2;151;AM
Boca do Acre;1310;2020-09-30;13;189;AM
Borba;712;2020-09-30;23;157;AM
Caapiranga;318;2020-09-30;7;160;AM
Canutama;414;2020-09-30;1;165;AM
Carauari;2134;2020-09-30;17;168;AM
Careiro;1586;2020-09-30;19;173;AM
Careiro da Várzea;195;2020-09-30;4;184;AM
Coari;7038;2020-09-30;107;167;AM
Codajás;261;2020-09-30;4;160;AM
Eirunepé;2340;2020-09-30;10;153;AM
Envira;688;2020-09-30;2;126;AM
Fonte Boa;802;2020-09-30;19;160;AM
Guajará;933;2020-09-30;14;140;AM
Humaitá;3356;2020-09-30;77;158;AM
Ipixuna;1932;2020-09-30;6;126;AM
Iranduba;1997;2020-09-30;56;179;AM
Itacoatiara;2142;2020-09-30;70;186;AM
Itamarati;571;2020-09-30;6;141;AM
Itapiranga;907;2020-09-30;9;158;AM
Japurá;446;2020-09-30;1;143;AM
Juruá;557;2020-09-30;7;165;AM
Jutaí;389;2020-09-30;16;178;AM
Lábrea;2755;2020-09-30;39;170;AM
Manacapuru;3937;2020-09-30;155;188;AM
Manaquiri;493;2020-09-30;20;161;AM
Manaus;51625;2020-09-30;2516;198;AM
Manicoré;1427;2020-09-30;34;176;AM
Maraã;525;2020-09-30;4;162;AM
Maués;1650;2020-09-30;35;174;AM
Nhamundá;868;2020-09-30;14;161;AM
Nova Olinda do Norte;997;2020-09-30;24;162;AM
Novo Airão;485;2020-09-30;7;185;AM
Novo Aripuanã;698;2020-09-30;12;160;AM
Parintins;5105;2020-09-30;128;193;AM
Pauini;1364;2020-09-30;4;144;AM
Presidente Figueiredo;2127;2020-09-30;25;176;AM
Rio Preto da Eva;1458;2020-09-30;20;162;AM
Santa Isabel do Rio Negro;2170;2020-09-30;17;166;AM
Santo Antônio do Içá;1223;2020-09-30;26;189;AM
São Gabriel da Cachoeira;4345;2020-09-30;56;175;AM
São Paulo de Olivença;1888;2020-09-30;25;177;AM
São Sebastião do Uatumã;620;2020-09-30;6;159;AM
Silves;455;2020-09-30;5;160;AM
Tabatinga;1864;2020-09-30;81;176;AM
Tapauá;972;2020-09-30;5;160;AM
Tefé;3683;2020-09-30;86;174;AM
Tonantins;612;2020-09-30;15;182;AM
Uarini;734;2020-09-30;11;139;AM
Urucará;699;2020-09-30;8;159;AM
Urucurituba;1028;2020-09-30;7;158;AM
Amapá;773;2020-09-30;4;155;AP
Calçoene;1160;2020-09-30;5;150;AP
Cutias;605;2020-09-30;2;146;AP
Ferreira Gomes;557;2020-09-30;3;149;AP
Itaubal;295;2020-09-30;0;157;AP
Laranjal do Jari;4683;2020-09-30;44;166;AP
Macapá;18489;2020-09-30;487;192;AP
Mazagão;1505;2020-09-30;8;167;AP
Oiapoque;2719;2020-09-30;24;177;AP
Pedra Branca do Amapari;2663;2020-09-30;5;158;AP
Porto Grande;1190;2020-09-30;14;167;AP
Pracuúba;351;2020-09-30;6;146;AP
Santana;8684;2020-09-30;86;176;AP
Serra do Navio;671;2020-09-30;4;159;AP
Tartarugalzinho;1175;2020-09-30;4;155;AP
Vitória do Jari;2734;2020-09-30;13;167;AP
Abaíra;17;2020-09-30;0;167;BA
Abaré;98;2020-09-30;0;135;BA
Acajutiba;136;2020-09-30;3;158;BA
Adustina;87;2020-09-30;2;176;BA
Água Fria;64;2020-09-30;2;159;BA
Aiquara;177;2020-09-30;3;164;BA
Alagoinhas;5393;2020-09-30;73;185;BA
Alcobaça;508;2020-09-30;7;120;BA
Almadina;349;2020-09-30;6;157;BA
Amargosa;394;2020-09-30;12;140;BA
Amélia Rodrigues;391;2020-09-30;7;164;BA
América Dourada;100;2020-09-30;0;131;BA
Anagé;114;2020-09-30;3;136;BA
Andaraí;37;2020-09-30;0;117;BA
Andorinha;66;2020-09-30;2;107;BA
Angical;145;2020-09-30;3;111;BA
Anguera;63;2020-09-30;0;140;BA
Antas;307;2020-09-30;0;119;BA
Antônio Cardoso;69;2020-09-30;1;125;BA
Antônio Gonçalves;173;2020-09-30;1;107;BA
Aporá;190;2020-09-30;4;129;BA
Apuarema;347;2020-09-30;5;129;BA
Araças;195;2020-09-30;3;136;BA
Aracatu;57;2020-09-30;1;152;BA
Araci;1105;2020-09-30;12;172;BA
Aramari;119;2020-09-30;1;117;BA
Arataca;216;2020-09-30;5;151;BA
Aratuípe;124;2020-09-30;5;122;BA
Aurelino Leal;404;2020-09-30;7;172;BA
Baianópolis;94;2020-09-30;1;124;BA
Baixa Grande;33;2020-09-30;2;101;BA
Banzaê;293;2020-09-30;0;135;BA
Barra;236;2020-09-30;5;180;BA
Barra da Estiva;17;2020-09-30;0;112;BA
Barra do Choça;416;2020-09-30;5;174;BA
Barra do Mendes;18;2020-09-30;0;128;BA
Barra do Rocha;105;2020-09-30;0;179;BA
Barreiras;4774;2020-09-30;80;189;BA
Barro Alto;74;2020-09-30;1;87;BA
Barrocas;134;2020-09-30;0;140;BA
Barro Preto;240;2020-09-30;6;161;BA
Belmonte;461;2020-09-30;3;178;BA
Belo Campo;60;2020-09-30;1;106;BA
Biritinga;92;2020-09-30;1;126;BA
Boa Nova;168;2020-09-30;3;114;BA
Boa Vista do Tupim;99;2020-09-30;1;143;BA
Bom Jesus da Lapa;472;2020-09-30;2;166;BA
Bom Jesus da Serra;102;2020-09-30;0;125;BA
Boninal;12;2020-09-30;1;114;BA
Bonito;45;2020-09-30;2;115;BA
Boquira;36;2020-09-30;1;137;BA
Botuporã;5;2020-09-30;1;111;BA
Brejões;55;2020-09-30;1;110;BA
Brejolândia;5;2020-09-30;1;55;BA
Brotas de Macaúbas;3;2020-09-30;0;114;BA
Brumado;1528;2020-09-30;16;188;BA
Buerarema;511;2020-09-30;17;164;BA
Buritirama;228;2020-09-30;5;121;BA
Caatiba;309;2020-09-30;1;108;BA
Cabaceiras do Paraguaçu;72;2020-09-30;1;135;BA
Cachoeira;438;2020-09-30;9;176;BA
Caculé;84;2020-09-30;2;121;BA
Caém;110;2020-09-30;2;132;BA
Caetanos;131;2020-09-30;0;154;BA
Caetité;168;2020-09-30;5;131;BA
Cafarnaum;234;2020-09-30;4;93;BA
Cairu;290;2020-09-30;5;138;BA
Caldeirão Grande;123;2020-09-30;1;155;BA
Camacan;1438;2020-09-30;31;170;BA
Camaçari;6115;2020-09-30;119;191;BA
Camamu;815;2020-09-30;18;154;BA
Campo Alegre de Lourdes;120;2020-09-30;4;157;BA
Campo Formoso;1025;2020-09-30;12;174;BA
Canápolis;42;2020-09-30;0;35;BA
Canarana;157;2020-09-30;1;186;BA
Canavieiras;226;2020-09-30;12;167;BA
Candeal;97;2020-09-30;0;117;BA
Candeias;2330;2020-09-30;59;180;BA
Candiba;34;2020-09-30;0;120;BA
Cândido Sales;635;2020-09-30;16;127;BA
Cansanção;175;2020-09-30;5;170;BA
Canudos;124;2020-09-30;4;121;BA
Capela do Alto Alegre;170;2020-09-30;1;140;BA
Capim Grosso;1085;2020-09-30;10;169;BA
Caraíbas;24;2020-09-30;0;124;BA
Caravelas;356;2020-09-30;4;116;BA
Cardeal da Silva;76;2020-09-30;1;132;BA
Carinhanha;125;2020-09-30;4;114;BA
Casa Nova;487;2020-09-30;9;121;BA
Castro Alves;424;2020-09-30;7;162;BA
Catolândia;38;2020-09-30;0;107;BA
Catu;1632;2020-09-30;14;180;BA
Caturama;2;2020-09-30;0;81;BA
Central;61;2020-09-30;1;120;BA
Chorrochó;36;2020-09-30;3;114;BA
Cícero Dantas;567;2020-09-30;7;122;BA
Cipó;195;2020-09-30;0;126;BA
Coaraci;616;2020-09-30;20;180;BA
Cocos;77;2020-09-30;3;131;BA
Conceição da Feira;567;2020-09-30;7;136;BA
Conceição do Almeida;551;2020-09-30;6;135;BA
Conceição do Coité;2236;2020-09-30;7;172;BA
Conceição do Jacuípe;592;2020-09-30;3;189;BA
Conde;333;2020-09-30;7;187;BA
Condeúba;52;2020-09-30;3;131;BA
Contendas do Sincorá;35;2020-09-30;0;78;BA
Coração de Maria;279;2020-09-30;3;162;BA
Cordeiros;32;2020-09-30;1;110;BA
Coribe;115;2020-09-30;4;94;BA
Coronel João Sá;203;2020-09-30;1;123;BA
Correntina;355;2020-09-30;2;117;BA
Cotegipe;68;2020-09-30;5;90;BA
Cravolândia;13;2020-09-30;0;159;BA
Crisópolis;189;2020-09-30;1;124;BA
Cristópolis;110;2020-09-30;1;135;BA
Cruz das Almas;654;2020-09-30;12;156;BA
Curaçá;329;2020-09-30;2;164;BA
Dário Meira;551;2020-09-30;11;152;BA
Dias d'Ávila;1528;2020-09-30;34;181;BA
Dom Basílio;51;2020-09-30;0;140;BA
Dom Macedo Costa;88;2020-09-30;1;111;BA
Elísio Medrado;62;2020-09-30;1;94;BA
Encruzilhada;184;2020-09-30;4;138;BA
Entre Rios;346;2020-09-30;3;138;BA
Érico Cardoso;3;2020-09-30;0;110;BA
Esplanada;354;2020-09-30;7;127;BA
Euclides da Cunha;215;2020-09-30;7;172;BA
Eunápolis;3085;2020-09-30;66;165;BA
Fátima;468;2020-09-30;2;123;BA
Feira da Mata;28;2020-09-30;0;93;BA
Feira de Santana;13542;2020-09-30;229;203;BA
Filadélfia;417;2020-09-30;6;119;BA
Firmino Alves;91;2020-09-30;3;116;BA
Floresta Azul;374;2020-09-30;9;166;BA
Formosa do Rio Preto;228;2020-09-30;5;115;BA
Gandu;1445;2020-09-30;22;176;BA
Gavião;44;2020-09-30;0;57;BA
Gentio do Ouro;182;2020-09-30;0;110;BA
Glória;223;2020-09-30;4;126;BA
Gongogi;147;2020-09-30;4;172;BA
Governador Mangabeira;122;2020-09-30;1;148;BA
Guajeru;9;2020-09-30;1;111;BA
Guanambi;623;2020-09-30;3;162;BA
Guaratinga;404;2020-09-30;7;150;BA
Heliópolis;55;2020-09-30;0;93;BA
Iaçu;197;2020-09-30;8;135;BA
Ibiassucê;22;2020-09-30;0;93;BA
Ibicaraí;797;2020-09-30;25;158;BA
Ibicoara;13;2020-09-30;0;95;BA
Ibicuí;504;2020-09-30;6;115;BA
Ibipeba;52;2020-09-30;0;120;BA
Ibipitanga;21;2020-09-30;0;115;BA
Ibiquera;4;2020-09-30;0;93;BA
Ibirapitanga;664;2020-09-30;9;148;BA
Ibirapuã;144;2020-09-30;2;127;BA
Ibirataia;1014;2020-09-30;21;175;BA
Ibitiara;12;2020-09-30;1;135;BA
Ibititá;238;2020-09-30;3;74;BA
Ibotirama;246;2020-09-30;7;174;BA
Ichu;24;2020-09-30;1;93;BA
Igaporã;23;2020-09-30;2;90;BA
Igrapiúna;258;2020-09-30;7;135;BA
Iguaí;470;2020-09-30;13;122;BA
Ilhéus;6713;2020-09-30;229;186;BA
Importados/Indefinidos;5669;2020-09-30;49;187;BA
Inhambupe;437;2020-09-30;10;135;BA
Ipecaetá;105;2020-09-30;3;135;BA
Ipiaú;1937;2020-09-30;34;184;BA
Ipirá;397;2020-09-30;7;160;BA
Ipupiara;2;2020-09-30;1;67;BA
Irajuba;44;2020-09-30;1;85;BA
Iramaia;16;2020-09-30;0;114;BA
Iraquara;213;2020-09-30;0;97;BA
Irará;407;2020-09-30;3;139;BA
Irecê;1918;2020-09-30;25;165;BA
Itabela;804;2020-09-30;14;160;BA
Itaberaba;2292;2020-09-30;42;160;BA
Itabuna;12848;2020-09-30;293;192;BA
Itacaré;373;2020-09-30;9;155;BA
Itaeté;84;2020-09-30;1;128;BA
Itagi;343;2020-09-30;5;172;BA
Itagibá;409;2020-09-30;7;183;BA
Itagimirim;93;2020-09-30;0;91;BA
Itaguaçu da Bahia;40;2020-09-30;0;131;BA
Itaju do Colônia;233;2020-09-30;0;97;BA
Itajuípe;944;2020-09-30;21;180;BA
Itamaraju;2161;2020-09-30;28;182;BA
Itamari;220;2020-09-30;2;160;BA
Itambé;401;2020-09-30;5;106;BA
Itanagra;34;2020-09-30;3;129;BA
Itanhém;472;2020-09-30;7;127;BA
Itaparica;355;2020-09-30;10;154;BA
Itapé;421;2020-09-30;8;167;BA
Itapebi;181;2020-09-30;5;171;BA
Itapetinga;1935;2020-09-30;41;176;BA
Itapicuru;729;2020-09-30;3;140;BA
Itapitanga;302;2020-09-30;2;141;BA
Itaquara;85;2020-09-30;1;121;BA
Itarantim;317;2020-09-30;10;175;BA
Itatim;160;2020-09-30;8;172;BA
Itiruçu;81;2020-09-30;2;111;BA
Itiúba;98;2020-09-30;2;132;BA
Itororó;696;2020-09-30;14;182;BA
Ituaçu;15;2020-09-30;1;119;BA
Ituberá;666;2020-09-30;17;171;BA
Iuiú;25;2020-09-30;0;113;BA
Jaborandi;91;2020-09-30;2;127;BA
Jacaraci;12;2020-09-30;0;129;BA
Jacobina;769;2020-09-30;9;144;BA
Jaguaquara;2423;2020-09-30;17;170;BA
Jaguarari;513;2020-09-30;2;152;BA
Jaguaripe;295;2020-09-30;3;130;BA
Jandaíra;269;2020-09-30;4;117;BA
Jequié;5740;2020-09-30;141;188;BA
Jeremoabo;356;2020-09-30;6;111;BA
Jiquiriçá;105;2020-09-30;1;126;BA
Jitaúna;287;2020-09-30;12;144;BA
João Dourado;288;2020-09-30;9;122;BA
Juazeiro;5125;2020-09-30;102;188;BA
Jucuruçu;257;2020-09-30;0;92;BA
Jussara;121;2020-09-30;1;115;BA
Jussari;196;2020-09-30;5;149;BA
Jussiape;10;2020-09-30;0;147;BA
Lafaiete Coutinho;67;2020-09-30;2;138;BA
Lagoa Real;7;2020-09-30;0;75;BA
Laje;244;2020-09-30;6;155;BA
Lajedão;99;2020-09-30;0;127;BA
